330700|[{ "deviceNum": 110,"premiseId": "31974"}, { "deviceNum": 110,"premiseId": "1181488"}, { "deviceNum": 110,"premiseId": "1181490"}, { "deviceNum": 110,"premiseId": "1181491"}, { "deviceNum": 110,"premiseId": "1181492"}, { "deviceNum": 110,"premiseId": "1181487"}, { "deviceNum": 110,"premiseId": "1181486"}, { "deviceNum": 110,"premiseId": "1181485"}, { "deviceNum": 110,"premiseId": "1181484"}, { "deviceNum": 110,"premiseId": "1181483"}, { "deviceNum": 110,"premiseId": "1181482"}, { "deviceNum": 110,"premiseId": "1181481"}, { "deviceNum": 110,"premiseId": "1181480"}, { "deviceNum": 110,"premiseId": "1181466"}, { "deviceNum": 110,"premiseId": "1181463"}, { "deviceNum": 110,"premiseId": "1181464"}, { "deviceNum": 110,"premiseId": "1181465"}, { "deviceNum": 110,"premiseId": "1181467"}, { "deviceNum": 110,"premiseId": "1181468"}, { "deviceNum": 110,"premiseId": "1181469"}, { "deviceNum": 110,"premiseId": "1181470"}, { "deviceNum": 110,"premiseId": "1181472"}, { "deviceNum": 110,"premiseId": "1181473"}, { "deviceNum": 110,"premiseId": "1181474"}, { "deviceNum": 110,"premiseId": "1181475"}, { "deviceNum": 110,"premiseId": "1181476"}, { "deviceNum": 110,"premiseId": "1181477"}, { "deviceNum": 110,"premiseId": "1181478"}, { "deviceNum": 110,"premiseId": "1181479"}, { "deviceNum": 110,"premiseId": "1181462"}, { "deviceNum": 110,"premiseId": "1181458"}, { "deviceNum": 110,"premiseId": "1181460"}, { "deviceNum": 110,"premiseId": "1181461"}, { "deviceNum": 110,"premiseId": "1181454"}, { "deviceNum": 110,"premiseId": "1181456"}, { "deviceNum": 110,"premiseId": "1181455"}, { "deviceNum": 110,"premiseId": "1181459"}, { "deviceNum": 110,"premiseId": "1181457"}, { "deviceNum": 110,"premiseId": "1181452"}, { "deviceNum": 110,"premiseId": "1181451"}, { "deviceNum": 110,"premiseId": "1181450"}, { "deviceNum": 110,"premiseId": "1181449"}, { "deviceNum": 110,"premiseId": "1181448"}, { "deviceNum": 110,"premiseId": "1181439"}, { "deviceNum": 110,"premiseId": "1181440"}, { "deviceNum": 110,"premiseId": "1181441"}, { "deviceNum": 110,"premiseId": "1181442"}, { "deviceNum": 110,"premiseId": "1181443"}, { "deviceNum": 110,"premiseId": "1181444"}, { "deviceNum": 110,"premiseId": "1181445"}, { "deviceNum": 110,"premiseId": "1181446"}, { "deviceNum": 110,"premiseId": "1181447"}, { "deviceNum": 110,"premiseId": "1181429"}, { "deviceNum": 110,"premiseId": "1181431"}, { "deviceNum": 110,"premiseId": "1181432"}, { "deviceNum": 110,"premiseId": "1181438"}, { "deviceNum": 110,"premiseId": "1181434"}, { "deviceNum": 110,"premiseId": "1181435"}, { "deviceNum": 110,"premiseId": "1181433"}, { "deviceNum": 110,"premiseId": "1181430"}, { "deviceNum": 110,"premiseId": "1181428"}, { "deviceNum": 110,"premiseId": "1181436"}, { "deviceNum": 110,"premiseId": "1181437"}, { "deviceNum": 110,"premiseId": "1181374"}, { "deviceNum": 110,"premiseId": "1181375"}, { "deviceNum": 110,"premiseId": "1181376"}, { "deviceNum": 110,"premiseId": "1181377"}, { "deviceNum": 110,"premiseId": "1181378"}, { "deviceNum": 110,"premiseId": "1181379"}, { "deviceNum": 110,"premiseId": "1181380"}, { "deviceNum": 110,"premiseId": "1181381"}, { "deviceNum": 110,"premiseId": "1181382"}, { "deviceNum": 110,"premiseId": "1181383"}, { "deviceNum": 110,"premiseId": "1181384"}, { "deviceNum": 110,"premiseId": "1181366"}, { "deviceNum": 110,"premiseId": "1181360"}, { "deviceNum": 110,"premiseId": "1181361"}, { "deviceNum": 110,"premiseId": "1181362"}, { "deviceNum": 110,"premiseId": "1181363"}, { "deviceNum": 110,"premiseId": "1181364"}, { "deviceNum": 110,"premiseId": "1181365"}, { "deviceNum": 110,"premiseId": "1181367"}, { "deviceNum": 110,"premiseId": "1181368"}, { "deviceNum": 110,"premiseId": "1181369"}, { "deviceNum": 110,"premiseId": "1181370"}, { "deviceNum": 110,"premiseId": "1181371"}, { "deviceNum": 110,"premiseId": "1181372"}, { "deviceNum": 110,"premiseId": "1181373"}, { "deviceNum": 110,"premiseId": "1181351"}, { "deviceNum": 110,"premiseId": "1181352"}, { "deviceNum": 110,"premiseId": "1181353"}, { "deviceNum": 110,"premiseId": "1181354"}, { "deviceNum": 110,"premiseId": "1181355"}, { "deviceNum": 110,"premiseId": "1181356"}, { "deviceNum": 110,"premiseId": "1181357"}, { "deviceNum": 110,"premiseId": "1181358"}, { "deviceNum": 110,"premiseId": "1181359"}, { "deviceNum": 110,"premiseId": "1181350"}, { "deviceNum": 110,"premiseId": "1181349"}, { "deviceNum": 110,"premiseId": "1181348"}, { "deviceNum": 110,"premiseId": "1181347"}, { "deviceNum": 110,"premiseId": "1181346"}, { "deviceNum": 110,"premiseId": "1181339"}, { "deviceNum": 110,"premiseId": "1181340"}, { "deviceNum": 110,"premiseId": "1181341"}, { "deviceNum": 110,"premiseId": "1181342"}, { "deviceNum": 110,"premiseId": "1181344"}, { "deviceNum": 110,"premiseId": "1181301"}, { "deviceNum": 110,"premiseId": "1181302"}, { "deviceNum": 110,"premiseId": "1181303"}, { "deviceNum": 110,"premiseId": "1181304"}, { "deviceNum": 110,"premiseId": "1181305"}, { "deviceNum": 110,"premiseId": "1181306"}, { "deviceNum": 110,"premiseId": "1181307"}, { "deviceNum": 110,"premiseId": "1181308"}, { "deviceNum": 110,"premiseId": "1181309"}, { "deviceNum": 110,"premiseId": "1181310"}, { "deviceNum": 110,"premiseId": "1181311"}, { "deviceNum": 110,"premiseId": "1181312"}, { "deviceNum": 110,"premiseId": "1181313"}, { "deviceNum": 110,"premiseId": "1181314"}, { "deviceNum": 110,"premiseId": "1181318"}, { "deviceNum": 110,"premiseId": "1181319"}, { "deviceNum": 110,"premiseId": "1181320"}, { "deviceNum": 110,"premiseId": "1181322"}, { "deviceNum": 110,"premiseId": "1181323"}, { "deviceNum": 110,"premiseId": "1181325"}, { "deviceNum": 110,"premiseId": "1181327"}, { "deviceNum": 110,"premiseId": "1181328"}, { "deviceNum": 110,"premiseId": "1181329"}, { "deviceNum": 110,"premiseId": "1181330"}, { "deviceNum": 110,"premiseId": "1181331"}, { "deviceNum": 110,"premiseId": "1181332"}, { "deviceNum": 110,"premiseId": "1181333"}, { "deviceNum": 110,"premiseId": "1181334"}, { "deviceNum": 110,"premiseId": "1181335"}, { "deviceNum": 110,"premiseId": "1181336"}, { "deviceNum": 110,"premiseId": "1181337"}, { "deviceNum": 110,"premiseId": "1181338"}, { "deviceNum": 110,"premiseId": "1181343"}]
440800|[{ "deviceNum": 110,"premiseId": "208154"}, { "deviceNum": 110,"premiseId": "208158"}, { "deviceNum": 110,"premiseId": "208159"}, { "deviceNum": 110,"premiseId": "208163"}, { "deviceNum": 110,"premiseId": "208169"}, { "deviceNum": 110,"premiseId": "208172"}, { "deviceNum": 110,"premiseId": "208173"}, { "deviceNum": 110,"premiseId": "208174"}, { "deviceNum": 110,"premiseId": "208177"}, { "deviceNum": 110,"premiseId": "208181"}, { "deviceNum": 110,"premiseId": "208187"}, { "deviceNum": 110,"premiseId": "208196"}, { "deviceNum": 110,"premiseId": "208213"}, { "deviceNum": 110,"premiseId": "208215"}, { "deviceNum": 110,"premiseId": "208185"}, { "deviceNum": 110,"premiseId": "208225"}, { "deviceNum": 110,"premiseId": "208226"}, { "deviceNum": 110,"premiseId": "208227"}, { "deviceNum": 110,"premiseId": "208228"}, { "deviceNum": 110,"premiseId": "208229"}, { "deviceNum": 110,"premiseId": "242425"}, { "deviceNum": 110,"premiseId": "242427"}, { "deviceNum": 110,"premiseId": "277101"}]
330400|[{ "deviceNum": 110,"premiseId": "1170813"}, { "deviceNum": 110,"premiseId": "1170789"}, { "deviceNum": 110,"premiseId": "1170461"}]
110100|[{ "deviceNum": 110,"premiseId": "250926"}, { "deviceNum": 110,"premiseId": "250730"}, { "deviceNum": 110,"premiseId": "250556"}, { "deviceNum": 110,"premiseId": "277104"}, { "deviceNum": 110,"premiseId": "1189505"}, { "deviceNum": 110,"premiseId": "1185678"}, { "deviceNum": 110,"premiseId": "249893"}, { "deviceNum": 110,"premiseId": "886897"}]
500100|[{ "deviceNum": 110,"premiseId": "1172974"}]
350200|[{ "deviceNum": 110,"premiseId": "755201"}, { "deviceNum": 110,"premiseId": "755187"}, { "deviceNum": 110,"premiseId": "755185"}, { "deviceNum": 110,"premiseId": "755179"}, { "deviceNum": 110,"premiseId": "755162"}, { "deviceNum": 110,"premiseId": "755152"}, { "deviceNum": 110,"premiseId": "755148"}, { "deviceNum": 110,"premiseId": "755147"}, { "deviceNum": 110,"premiseId": "755146"}, { "deviceNum": 110,"premiseId": "755145"}, { "deviceNum": 110,"premiseId": "755144"}, { "deviceNum": 110,"premiseId": "755143"}, { "deviceNum": 110,"premiseId": "755142"}, { "deviceNum": 110,"premiseId": "755134"}, { "deviceNum": 110,"premiseId": "755132"}, { "deviceNum": 110,"premiseId": "755130"}, { "deviceNum": 110,"premiseId": "755128"}, { "deviceNum": 110,"premiseId": "755125"}, { "deviceNum": 110,"premiseId": "755106"}, { "deviceNum": 110,"premiseId": "755124"}, { "deviceNum": 110,"premiseId": "755122"}, { "deviceNum": 110,"premiseId": "755121"}, { "deviceNum": 110,"premiseId": "755116"}, { "deviceNum": 110,"premiseId": "755120"}, { "deviceNum": 110,"premiseId": "755119"}, { "deviceNum": 110,"premiseId": "755118"}, { "deviceNum": 110,"premiseId": "755117"}, { "deviceNum": 110,"premiseId": "755113"}, { "deviceNum": 110,"premiseId": "755112"}, { "deviceNum": 110,"premiseId": "755111"}, { "deviceNum": 110,"premiseId": "755107"}, { "deviceNum": 110,"premiseId": "755104"}, { "deviceNum": 110,"premiseId": "755103"}, { "deviceNum": 110,"premiseId": "755101"}, { "deviceNum": 110,"premiseId": "755102"}, { "deviceNum": 110,"premiseId": "755099"}, { "deviceNum": 110,"premiseId": "755084"}, { "deviceNum": 110,"premiseId": "755082"}, { "deviceNum": 110,"premiseId": "755081"}, { "deviceNum": 110,"premiseId": "755080"}, { "deviceNum": 110,"premiseId": "755079"}, { "deviceNum": 110,"premiseId": "755078"}, { "deviceNum": 110,"premiseId": "755077"}, { "deviceNum": 110,"premiseId": "755076"}, { "deviceNum": 110,"premiseId": "755075"}, { "deviceNum": 110,"premiseId": "755074"}, { "deviceNum": 110,"premiseId": "755073"}, { "deviceNum": 110,"premiseId": "755072"}, { "deviceNum": 110,"premiseId": "755070"}, { "deviceNum": 110,"premiseId": "755067"}, { "deviceNum": 110,"premiseId": "755069"}, { "deviceNum": 110,"premiseId": "755068"}, { "deviceNum": 110,"premiseId": "755066"}, { "deviceNum": 110,"premiseId": "755065"}, { "deviceNum": 110,"premiseId": "755063"}, { "deviceNum": 110,"premiseId": "755064"}, { "deviceNum": 110,"premiseId": "755062"}, { "deviceNum": 110,"premiseId": "755059"}, { "deviceNum": 110,"premiseId": "755055"}, { "deviceNum": 110,"premiseId": "755054"}, { "deviceNum": 110,"premiseId": "755053"}, { "deviceNum": 110,"premiseId": "755051"}, { "deviceNum": 110,"premiseId": "755050"}, { "deviceNum": 110,"premiseId": "755049"}, { "deviceNum": 110,"premiseId": "755048"}, { "deviceNum": 110,"premiseId": "755047"}, { "deviceNum": 110,"premiseId": "755046"}, { "deviceNum": 110,"premiseId": "755045"}, { "deviceNum": 110,"premiseId": "755044"}, { "deviceNum": 110,"premiseId": "755043"}, { "deviceNum": 110,"premiseId": "755042"}, { "deviceNum": 110,"premiseId": "755041"}, { "deviceNum": 110,"premiseId": "755040"}, { "deviceNum": 110,"premiseId": "755028"}, { "deviceNum": 110,"premiseId": "755039"}, { "deviceNum": 110,"premiseId": "755038"}, { "deviceNum": 110,"premiseId": "755036"}, { "deviceNum": 110,"premiseId": "755034"}, { "deviceNum": 110,"premiseId": "755033"}, { "deviceNum": 110,"premiseId": "755032"}, { "deviceNum": 110,"premiseId": "755029"}, { "deviceNum": 110,"premiseId": "755031"}, { "deviceNum": 110,"premiseId": "755030"}, { "deviceNum": 110,"premiseId": "755025"}, { "deviceNum": 110,"premiseId": "755024"}, { "deviceNum": 110,"premiseId": "755023"}, { "deviceNum": 110,"premiseId": "755022"}, { "deviceNum": 110,"premiseId": "755021"}, { "deviceNum": 110,"premiseId": "755020"}, { "deviceNum": 110,"premiseId": "755019"}, { "deviceNum": 110,"premiseId": "755018"}, { "deviceNum": 110,"premiseId": "755015"}, { "deviceNum": 110,"premiseId": "755017"}, { "deviceNum": 110,"premiseId": "755016"}, { "deviceNum": 110,"premiseId": "755014"}, { "deviceNum": 110,"premiseId": "755012"}, { "deviceNum": 110,"premiseId": "755011"}, { "deviceNum": 110,"premiseId": "755010"}, { "deviceNum": 110,"premiseId": "755009"}, { "deviceNum": 110,"premiseId": "755008"}, { "deviceNum": 110,"premiseId": "755007"}, { "deviceNum": 110,"premiseId": "755006"}, { "deviceNum": 110,"premiseId": "755005"}, { "deviceNum": 110,"premiseId": "755004"}, { "deviceNum": 110,"premiseId": "755003"}, { "deviceNum": 110,"premiseId": "755002"}, { "deviceNum": 110,"premiseId": "755000"}, { "deviceNum": 110,"premiseId": "754980"}, { "deviceNum": 110,"premiseId": "754999"}, { "deviceNum": 110,"premiseId": "754998"}, { "deviceNum": 110,"premiseId": "754997"}, { "deviceNum": 110,"premiseId": "754996"}, { "deviceNum": 110,"premiseId": "754995"}, { "deviceNum": 110,"premiseId": "754994"}, { "deviceNum": 110,"premiseId": "754993"}, { "deviceNum": 110,"premiseId": "754992"}, { "deviceNum": 110,"premiseId": "754991"}, { "deviceNum": 110,"premiseId": "754990"}, { "deviceNum": 110,"premiseId": "754989"}, { "deviceNum": 110,"premiseId": "754988"}, { "deviceNum": 110,"premiseId": "754987"}, { "deviceNum": 110,"premiseId": "754986"}, { "deviceNum": 110,"premiseId": "754985"}, { "deviceNum": 110,"premiseId": "754984"}, { "deviceNum": 110,"premiseId": "754983"}, { "deviceNum": 110,"premiseId": "754982"}, { "deviceNum": 110,"premiseId": "754981"}, { "deviceNum": 110,"premiseId": "754979"}, { "deviceNum": 110,"premiseId": "754978"}, { "deviceNum": 110,"premiseId": "754977"}, { "deviceNum": 110,"premiseId": "754976"}, { "deviceNum": 110,"premiseId": "754975"}, { "deviceNum": 110,"premiseId": "754974"}, { "deviceNum": 110,"premiseId": "754973"}, { "deviceNum": 110,"premiseId": "754972"}, { "deviceNum": 110,"premiseId": "754927"}, { "deviceNum": 110,"premiseId": "754930"}, { "deviceNum": 110,"premiseId": "754929"}, { "deviceNum": 110,"premiseId": "754928"}, { "deviceNum": 110,"premiseId": "754926"}, { "deviceNum": 110,"premiseId": "754925"}, { "deviceNum": 110,"premiseId": "754924"}, { "deviceNum": 110,"premiseId": "754923"}, { "deviceNum": 110,"premiseId": "754922"}, { "deviceNum": 110,"premiseId": "754921"}, { "deviceNum": 110,"premiseId": "754920"}, { "deviceNum": 110,"premiseId": "754919"}, { "deviceNum": 110,"premiseId": "754900"}, { "deviceNum": 110,"premiseId": "754913"}, { "deviceNum": 110,"premiseId": "754918"}, { "deviceNum": 110,"premiseId": "754917"}, { "deviceNum": 110,"premiseId": "754916"}, { "deviceNum": 110,"premiseId": "754915"}, { "deviceNum": 110,"premiseId": "754914"}, { "deviceNum": 110,"premiseId": "754912"}, { "deviceNum": 110,"premiseId": "754911"}, { "deviceNum": 110,"premiseId": "754910"}, { "deviceNum": 110,"premiseId": "754909"}, { "deviceNum": 110,"premiseId": "754908"}, { "deviceNum": 110,"premiseId": "754907"}, { "deviceNum": 110,"premiseId": "754906"}, { "deviceNum": 110,"premiseId": "754905"}, { "deviceNum": 110,"premiseId": "754904"}, { "deviceNum": 110,"premiseId": "754903"}, { "deviceNum": 110,"premiseId": "754902"}, { "deviceNum": 110,"premiseId": "754901"}, { "deviceNum": 110,"premiseId": "754899"}, { "deviceNum": 110,"premiseId": "754894"}, { "deviceNum": 110,"premiseId": "754893"}, { "deviceNum": 110,"premiseId": "754892"}, { "deviceNum": 110,"premiseId": "754889"}, { "deviceNum": 110,"premiseId": "754884"}, { "deviceNum": 110,"premiseId": "754883"}, { "deviceNum": 110,"premiseId": "754882"}, { "deviceNum": 110,"premiseId": "754879"}, { "deviceNum": 110,"premiseId": "754881"}, { "deviceNum": 110,"premiseId": "754880"}, { "deviceNum": 110,"premiseId": "754878"}, { "deviceNum": 110,"premiseId": "754877"}, { "deviceNum": 110,"premiseId": "754875"}, { "deviceNum": 110,"premiseId": "754874"}, { "deviceNum": 110,"premiseId": "754873"}, { "deviceNum": 110,"premiseId": "754870"}, { "deviceNum": 110,"premiseId": "754871"}, { "deviceNum": 110,"premiseId": "754872"}, { "deviceNum": 110,"premiseId": "754869"}, { "deviceNum": 110,"premiseId": "754863"}, { "deviceNum": 110,"premiseId": "754864"}, { "deviceNum": 110,"premiseId": "754865"}, { "deviceNum": 110,"premiseId": "754866"}, { "deviceNum": 110,"premiseId": "754862"}, { "deviceNum": 110,"premiseId": "754861"}, { "deviceNum": 110,"premiseId": "754860"}, { "deviceNum": 110,"premiseId": "754859"}, { "deviceNum": 110,"premiseId": "754857"}, { "deviceNum": 110,"premiseId": "754856"}, { "deviceNum": 110,"premiseId": "754854"}, { "deviceNum": 110,"premiseId": "754850"}, { "deviceNum": 110,"premiseId": "754851"}, { "deviceNum": 110,"premiseId": "754853"}, { "deviceNum": 110,"premiseId": "754847"}, { "deviceNum": 110,"premiseId": "754846"}, { "deviceNum": 110,"premiseId": "754845"}, { "deviceNum": 110,"premiseId": "754848"}, { "deviceNum": 110,"premiseId": "754740"}, { "deviceNum": 110,"premiseId": "754738"}, { "deviceNum": 110,"premiseId": "754739"}, { "deviceNum": 110,"premiseId": "754737"}, { "deviceNum": 110,"premiseId": "754736"}, { "deviceNum": 110,"premiseId": "754735"}, { "deviceNum": 110,"premiseId": "754734"}, { "deviceNum": 110,"premiseId": "754733"}, { "deviceNum": 110,"premiseId": "754732"}, { "deviceNum": 110,"premiseId": "754731"}, { "deviceNum": 110,"premiseId": "754730"}, { "deviceNum": 110,"premiseId": "754728"}, { "deviceNum": 110,"premiseId": "754726"}, { "deviceNum": 110,"premiseId": "754725"}, { "deviceNum": 110,"premiseId": "754724"}, { "deviceNum": 110,"premiseId": "754723"}, { "deviceNum": 110,"premiseId": "754722"}, { "deviceNum": 110,"premiseId": "754721"}, { "deviceNum": 110,"premiseId": "754720"}, { "deviceNum": 110,"premiseId": "754718"}, { "deviceNum": 110,"premiseId": "754717"}, { "deviceNum": 110,"premiseId": "754716"}, { "deviceNum": 110,"premiseId": "754715"}, { "deviceNum": 110,"premiseId": "754714"}, { "deviceNum": 110,"premiseId": "754713"}, { "deviceNum": 110,"premiseId": "754707"}, { "deviceNum": 110,"premiseId": "754712"}, { "deviceNum": 110,"premiseId": "754710"}, { "deviceNum": 110,"premiseId": "754711"}, { "deviceNum": 110,"premiseId": "754709"}, { "deviceNum": 110,"premiseId": "754708"}, { "deviceNum": 110,"premiseId": "754701"}, { "deviceNum": 110,"premiseId": "754706"}, { "deviceNum": 110,"premiseId": "754705"}, { "deviceNum": 110,"premiseId": "754704"}, { "deviceNum": 110,"premiseId": "754703"}, { "deviceNum": 110,"premiseId": "754702"}, { "deviceNum": 110,"premiseId": "754700"}, { "deviceNum": 110,"premiseId": "754699"}, { "deviceNum": 110,"premiseId": "754697"}, { "deviceNum": 110,"premiseId": "754698"}, { "deviceNum": 110,"premiseId": "754696"}, { "deviceNum": 110,"premiseId": "754695"}, { "deviceNum": 110,"premiseId": "754694"}, { "deviceNum": 110,"premiseId": "754686"}, { "deviceNum": 110,"premiseId": "754693"}, { "deviceNum": 110,"premiseId": "754692"}, { "deviceNum": 110,"premiseId": "754691"}, { "deviceNum": 110,"premiseId": "754690"}, { "deviceNum": 110,"premiseId": "754688"}, { "deviceNum": 110,"premiseId": "754687"}, { "deviceNum": 110,"premiseId": "754685"}, { "deviceNum": 110,"premiseId": "754684"}, { "deviceNum": 110,"premiseId": "754683"}, { "deviceNum": 110,"premiseId": "754682"}, { "deviceNum": 110,"premiseId": "754681"}, { "deviceNum": 110,"premiseId": "754679"}, { "deviceNum": 110,"premiseId": "754680"}, { "deviceNum": 110,"premiseId": "754678"}, { "deviceNum": 110,"premiseId": "754677"}, { "deviceNum": 110,"premiseId": "754667"}, { "deviceNum": 110,"premiseId": "754676"}, { "deviceNum": 110,"premiseId": "754663"}, { "deviceNum": 110,"premiseId": "754674"}, { "deviceNum": 110,"premiseId": "754673"}, { "deviceNum": 110,"premiseId": "754672"}, { "deviceNum": 110,"premiseId": "754671"}, { "deviceNum": 110,"premiseId": "754669"}, { "deviceNum": 110,"premiseId": "754670"}, { "deviceNum": 110,"premiseId": "754668"}, { "deviceNum": 110,"premiseId": "754657"}, { "deviceNum": 110,"premiseId": "754666"}, { "deviceNum": 110,"premiseId": "754665"}, { "deviceNum": 110,"premiseId": "754664"}, { "deviceNum": 110,"premiseId": "754662"}, { "deviceNum": 110,"premiseId": "754661"}, { "deviceNum": 110,"premiseId": "754660"}, { "deviceNum": 110,"premiseId": "754659"}, { "deviceNum": 110,"premiseId": "754658"}, { "deviceNum": 110,"premiseId": "754656"}, { "deviceNum": 110,"premiseId": "754655"}, { "deviceNum": 110,"premiseId": "754654"}, { "deviceNum": 110,"premiseId": "754653"}, { "deviceNum": 110,"premiseId": "754637"}, { "deviceNum": 110,"premiseId": "754652"}, { "deviceNum": 110,"premiseId": "754651"}, { "deviceNum": 110,"premiseId": "754650"}, { "deviceNum": 110,"premiseId": "754649"}, { "deviceNum": 110,"premiseId": "754648"}, { "deviceNum": 110,"premiseId": "754647"}, { "deviceNum": 110,"premiseId": "754640"}, { "deviceNum": 110,"premiseId": "754646"}, { "deviceNum": 110,"premiseId": "754641"}, { "deviceNum": 110,"premiseId": "754645"}, { "deviceNum": 110,"premiseId": "754644"}, { "deviceNum": 110,"premiseId": "754643"}, { "deviceNum": 110,"premiseId": "754642"}, { "deviceNum": 110,"premiseId": "754639"}, { "deviceNum": 110,"premiseId": "754636"}, { "deviceNum": 110,"premiseId": "754634"}, { "deviceNum": 110,"premiseId": "754635"}, { "deviceNum": 110,"premiseId": "754638"}, { "deviceNum": 110,"premiseId": "754623"}, { "deviceNum": 110,"premiseId": "754632"}, { "deviceNum": 110,"premiseId": "754633"}, { "deviceNum": 110,"premiseId": "754631"}, { "deviceNum": 110,"premiseId": "754630"}, { "deviceNum": 110,"premiseId": "754629"}, { "deviceNum": 110,"premiseId": "754628"}, { "deviceNum": 110,"premiseId": "754627"}, { "deviceNum": 110,"premiseId": "754626"}, { "deviceNum": 110,"premiseId": "754625"}, { "deviceNum": 110,"premiseId": "754624"}, { "deviceNum": 110,"premiseId": "754609"}, { "deviceNum": 110,"premiseId": "754618"}, { "deviceNum": 110,"premiseId": "754608"}, { "deviceNum": 110,"premiseId": "754611"}, { "deviceNum": 110,"premiseId": "754612"}, { "deviceNum": 110,"premiseId": "754622"}, { "deviceNum": 110,"premiseId": "754621"}, { "deviceNum": 110,"premiseId": "754620"}, { "deviceNum": 110,"premiseId": "754619"}, { "deviceNum": 110,"premiseId": "754617"}, { "deviceNum": 110,"premiseId": "754613"}, { "deviceNum": 110,"premiseId": "754614"}, { "deviceNum": 110,"premiseId": "754615"}, { "deviceNum": 110,"premiseId": "754616"}, { "deviceNum": 110,"premiseId": "754610"}, { "deviceNum": 110,"premiseId": "754607"}, { "deviceNum": 110,"premiseId": "754606"}, { "deviceNum": 110,"premiseId": "754605"}, { "deviceNum": 110,"premiseId": "754604"}, { "deviceNum": 110,"premiseId": "754603"}, { "deviceNum": 110,"premiseId": "754600"}, { "deviceNum": 110,"premiseId": "754601"}, { "deviceNum": 110,"premiseId": "754602"}, { "deviceNum": 110,"premiseId": "754599"}, { "deviceNum": 110,"premiseId": "754597"}, { "deviceNum": 110,"premiseId": "754598"}, { "deviceNum": 110,"premiseId": "754596"}, { "deviceNum": 110,"premiseId": "754595"}, { "deviceNum": 110,"premiseId": "754576"}, { "deviceNum": 110,"premiseId": "754594"}, { "deviceNum": 110,"premiseId": "754592"}, { "deviceNum": 110,"premiseId": "754560"}, { "deviceNum": 110,"premiseId": "754593"}, { "deviceNum": 110,"premiseId": "754591"}, { "deviceNum": 110,"premiseId": "754590"}, { "deviceNum": 110,"premiseId": "754575"}, { "deviceNum": 110,"premiseId": "754581"}, { "deviceNum": 110,"premiseId": "754574"}, { "deviceNum": 110,"premiseId": "754579"}, { "deviceNum": 110,"premiseId": "754580"}, { "deviceNum": 110,"premiseId": "754578"}, { "deviceNum": 110,"premiseId": "754577"}, { "deviceNum": 110,"premiseId": "754573"}, { "deviceNum": 110,"premiseId": "754569"}, { "deviceNum": 110,"premiseId": "754570"}, { "deviceNum": 110,"premiseId": "754571"}, { "deviceNum": 110,"premiseId": "754572"}, { "deviceNum": 110,"premiseId": "754568"}, { "deviceNum": 110,"premiseId": "754567"}, { "deviceNum": 110,"premiseId": "754561"}, { "deviceNum": 110,"premiseId": "754564"}, { "deviceNum": 110,"premiseId": "754565"}, { "deviceNum": 110,"premiseId": "754566"}, { "deviceNum": 110,"premiseId": "754562"}, { "deviceNum": 110,"premiseId": "754559"}, { "deviceNum": 110,"premiseId": "754538"}, { "deviceNum": 110,"premiseId": "754558"}, { "deviceNum": 110,"premiseId": "754555"}, { "deviceNum": 110,"premiseId": "754556"}, { "deviceNum": 110,"premiseId": "754557"}, { "deviceNum": 110,"premiseId": "754554"}, { "deviceNum": 110,"premiseId": "754553"}, { "deviceNum": 110,"premiseId": "754552"}, { "deviceNum": 110,"premiseId": "754551"}, { "deviceNum": 110,"premiseId": "754550"}, { "deviceNum": 110,"premiseId": "754549"}, { "deviceNum": 110,"premiseId": "754548"}, { "deviceNum": 110,"premiseId": "754546"}, { "deviceNum": 110,"premiseId": "754547"}, { "deviceNum": 110,"premiseId": "754545"}, { "deviceNum": 110,"premiseId": "754537"}, { "deviceNum": 110,"premiseId": "754541"}, { "deviceNum": 110,"premiseId": "754544"}, { "deviceNum": 110,"premiseId": "754543"}, { "deviceNum": 110,"premiseId": "754542"}, { "deviceNum": 110,"premiseId": "754540"}, { "deviceNum": 110,"premiseId": "754539"}, { "deviceNum": 110,"premiseId": "754533"}, { "deviceNum": 110,"premiseId": "754535"}, { "deviceNum": 110,"premiseId": "754534"}, { "deviceNum": 110,"premiseId": "754530"}, { "deviceNum": 110,"premiseId": "754536"}, { "deviceNum": 110,"premiseId": "754531"}, { "deviceNum": 110,"premiseId": "754532"}, { "deviceNum": 110,"premiseId": "754529"}, { "deviceNum": 110,"premiseId": "754528"}, { "deviceNum": 110,"premiseId": "754527"}]
410100|[{ "deviceNum": 110,"premiseId": "1190822"}, { "deviceNum": 110,"premiseId": "1190833"}, { "deviceNum": 110,"premiseId": "1190836"}, { "deviceNum": 110,"premiseId": "1191138"}, { "deviceNum": 110,"premiseId": "1191486"}, { "deviceNum": 110,"premiseId": "1191491"}, { "deviceNum": 110,"premiseId": "1191493"}, { "deviceNum": 110,"premiseId": "1191522"}, { "deviceNum": 110,"premiseId": "1191524"}, { "deviceNum": 110,"premiseId": "1191550"}, { "deviceNum": 110,"premiseId": "1191552"}, { "deviceNum": 110,"premiseId": "1191571"}, { "deviceNum": 110,"premiseId": "1191573"}, { "deviceNum": 110,"premiseId": "1191602"}, { "deviceNum": 110,"premiseId": "1191615"}, { "deviceNum": 110,"premiseId": "1191637"}, { "deviceNum": 110,"premiseId": "1191647"}, { "deviceNum": 110,"premiseId": "1191666"}, { "deviceNum": 110,"premiseId": "1191683"}, { "deviceNum": 110,"premiseId": "1191698"}, { "deviceNum": 110,"premiseId": "4246323"}, { "deviceNum": 110,"premiseId": "4246348"}, { "deviceNum": 110,"premiseId": "4246349"}, { "deviceNum": 110,"premiseId": "4246359"}, { "deviceNum": 110,"premiseId": "4246362"}]
330100|[{ "deviceNum": 110,"premiseId": "1174406"}]
350500|[{ "deviceNum": 110,"premiseId": "678407"}, { "deviceNum": 110,"premiseId": "678405"}, { "deviceNum": 110,"premiseId": "678187"}, { "deviceNum": 110,"premiseId": "678241"}, { "deviceNum": 110,"premiseId": "678406"}, { "deviceNum": 110,"premiseId": "678257"}, { "deviceNum": 110,"premiseId": "678256"}, { "deviceNum": 110,"premiseId": "678255"}, { "deviceNum": 110,"premiseId": "678388"}, { "deviceNum": 110,"premiseId": "678263"}, { "deviceNum": 110,"premiseId": "678262"}, { "deviceNum": 110,"premiseId": "678204"}, { "deviceNum": 110,"premiseId": "678404"}, { "deviceNum": 110,"premiseId": "678192"}, { "deviceNum": 110,"premiseId": "678402"}, { "deviceNum": 110,"premiseId": "678401"}, { "deviceNum": 110,"premiseId": "678193"}, { "deviceNum": 110,"premiseId": "678176"}, { "deviceNum": 110,"premiseId": "678260"}, { "deviceNum": 110,"premiseId": "678259"}, { "deviceNum": 110,"premiseId": "678267"}, { "deviceNum": 110,"premiseId": "678196"}, { "deviceNum": 110,"premiseId": "678391"}, { "deviceNum": 110,"premiseId": "678389"}, { "deviceNum": 110,"premiseId": "678222"}, { "deviceNum": 110,"premiseId": "678221"}, { "deviceNum": 110,"premiseId": "678258"}, { "deviceNum": 110,"premiseId": "678400"}, { "deviceNum": 110,"premiseId": "678265"}, { "deviceNum": 110,"premiseId": "678264"}, { "deviceNum": 110,"premiseId": "678202"}, { "deviceNum": 110,"premiseId": "678198"}, { "deviceNum": 110,"premiseId": "678243"}, { "deviceNum": 110,"premiseId": "678245"}, { "deviceNum": 110,"premiseId": "678390"}, { "deviceNum": 110,"premiseId": "678392"}, { "deviceNum": 110,"premiseId": "678213"}, { "deviceNum": 110,"premiseId": "678175"}, { "deviceNum": 110,"premiseId": "678235"}, { "deviceNum": 110,"premiseId": "678247"}, { "deviceNum": 110,"premiseId": "678249"}, { "deviceNum": 110,"premiseId": "678237"}, { "deviceNum": 110,"premiseId": "678236"}, { "deviceNum": 110,"premiseId": "678248"}, { "deviceNum": 110,"premiseId": "678217"}, { "deviceNum": 110,"premiseId": "678216"}, { "deviceNum": 110,"premiseId": "678220"}, { "deviceNum": 110,"premiseId": "678227"}, { "deviceNum": 110,"premiseId": "678177"}, { "deviceNum": 110,"premiseId": "678195"}, { "deviceNum": 110,"premiseId": "678214"}, { "deviceNum": 110,"premiseId": "678215"}, { "deviceNum": 110,"premiseId": "678240"}, { "deviceNum": 110,"premiseId": "678231"}, { "deviceNum": 110,"premiseId": "678230"}, { "deviceNum": 110,"premiseId": "678229"}, { "deviceNum": 110,"premiseId": "678266"}, { "deviceNum": 110,"premiseId": "678403"}, { "deviceNum": 110,"premiseId": "678397"}, { "deviceNum": 110,"premiseId": "678254"}, { "deviceNum": 110,"premiseId": "678396"}, { "deviceNum": 110,"premiseId": "678395"}, { "deviceNum": 110,"premiseId": "678253"}, { "deviceNum": 110,"premiseId": "678252"}, { "deviceNum": 110,"premiseId": "678394"}, { "deviceNum": 110,"premiseId": "678233"}, { "deviceNum": 110,"premiseId": "678393"}, { "deviceNum": 110,"premiseId": "678242"}, { "deviceNum": 110,"premiseId": "678244"}, { "deviceNum": 110,"premiseId": "678261"}, { "deviceNum": 110,"premiseId": "678179"}, { "deviceNum": 110,"premiseId": "678182"}, { "deviceNum": 110,"premiseId": "678181"}, { "deviceNum": 110,"premiseId": "678183"}, { "deviceNum": 110,"premiseId": "678180"}, { "deviceNum": 110,"premiseId": "678225"}, { "deviceNum": 110,"premiseId": "678223"}, { "deviceNum": 110,"premiseId": "678224"}, { "deviceNum": 110,"premiseId": "678399"}, { "deviceNum": 110,"premiseId": "678398"}, { "deviceNum": 110,"premiseId": "678207"}, { "deviceNum": 110,"premiseId": "678234"}, { "deviceNum": 110,"premiseId": "678238"}, { "deviceNum": 110,"premiseId": "678239"}, { "deviceNum": 110,"premiseId": "678232"}, { "deviceNum": 110,"premiseId": "678212"}, { "deviceNum": 110,"premiseId": "678211"}, { "deviceNum": 110,"premiseId": "678210"}, { "deviceNum": 110,"premiseId": "678201"}, { "deviceNum": 110,"premiseId": "678246"}, { "deviceNum": 110,"premiseId": "678173"}, { "deviceNum": 110,"premiseId": "678228"}, { "deviceNum": 110,"premiseId": "678250"}, { "deviceNum": 110,"premiseId": "678172"}, { "deviceNum": 110,"premiseId": "678185"}, { "deviceNum": 110,"premiseId": "678208"}, { "deviceNum": 110,"premiseId": "678251"}, { "deviceNum": 110,"premiseId": "678070"}, { "deviceNum": 110,"premiseId": "678200"}, { "deviceNum": 110,"premiseId": "678205"}, { "deviceNum": 110,"premiseId": "678050"}, { "deviceNum": 110,"premiseId": "678206"}, { "deviceNum": 110,"premiseId": "678199"}, { "deviceNum": 110,"premiseId": "678219"}, { "deviceNum": 110,"premiseId": "678218"}, { "deviceNum": 110,"premiseId": "678226"}, { "deviceNum": 110,"premiseId": "678188"}, { "deviceNum": 110,"premiseId": "678184"}, { "deviceNum": 110,"premiseId": "678190"}, { "deviceNum": 110,"premiseId": "678191"}, { "deviceNum": 110,"premiseId": "678174"}, { "deviceNum": 110,"premiseId": "678209"}, { "deviceNum": 110,"premiseId": "678189"}, { "deviceNum": 110,"premiseId": "678158"}, { "deviceNum": 110,"premiseId": "678178"}, { "deviceNum": 110,"premiseId": "678161"}, { "deviceNum": 110,"premiseId": "678160"}, { "deviceNum": 110,"premiseId": "678077"}, { "deviceNum": 110,"premiseId": "678076"}, { "deviceNum": 110,"premiseId": "678186"}, { "deviceNum": 110,"premiseId": "678194"}, { "deviceNum": 110,"premiseId": "678203"}, { "deviceNum": 110,"premiseId": "678171"}, { "deviceNum": 110,"premiseId": "678159"}, { "deviceNum": 110,"premiseId": "678170"}, { "deviceNum": 110,"premiseId": "678169"}, { "deviceNum": 110,"premiseId": "678162"}, { "deviceNum": 110,"premiseId": "678157"}, { "deviceNum": 110,"premiseId": "678078"}, { "deviceNum": 110,"premiseId": "678168"}, { "deviceNum": 110,"premiseId": "678167"}, { "deviceNum": 110,"premiseId": "678166"}, { "deviceNum": 110,"premiseId": "678165"}, { "deviceNum": 110,"premiseId": "678163"}, { "deviceNum": 110,"premiseId": "678164"}, { "deviceNum": 110,"premiseId": "678156"}, { "deviceNum": 110,"premiseId": "678155"}, { "deviceNum": 110,"premiseId": "678154"}, { "deviceNum": 110,"premiseId": "678152"}, { "deviceNum": 110,"premiseId": "678153"}, { "deviceNum": 110,"premiseId": "678151"}, { "deviceNum": 110,"premiseId": "678150"}, { "deviceNum": 110,"premiseId": "678148"}, { "deviceNum": 110,"premiseId": "678149"}, { "deviceNum": 110,"premiseId": "678080"}, { "deviceNum": 110,"premiseId": "678145"}, { "deviceNum": 110,"premiseId": "678141"}, { "deviceNum": 110,"premiseId": "678147"}, { "deviceNum": 110,"premiseId": "678079"}, { "deviceNum": 110,"premiseId": "678146"}, { "deviceNum": 110,"premiseId": "678144"}, { "deviceNum": 110,"premiseId": "678143"}, { "deviceNum": 110,"premiseId": "678142"}, { "deviceNum": 110,"premiseId": "678140"}, { "deviceNum": 110,"premiseId": "678139"}, { "deviceNum": 110,"premiseId": "678138"}, { "deviceNum": 110,"premiseId": "678137"}, { "deviceNum": 110,"premiseId": "678136"}, { "deviceNum": 110,"premiseId": "678135"}, { "deviceNum": 110,"premiseId": "678075"}, { "deviceNum": 110,"premiseId": "678134"}, { "deviceNum": 110,"premiseId": "678133"}, { "deviceNum": 110,"premiseId": "678074"}, { "deviceNum": 110,"premiseId": "678073"}, { "deviceNum": 110,"premiseId": "678072"}, { "deviceNum": 110,"premiseId": "678071"}, { "deviceNum": 110,"premiseId": "678052"}, { "deviceNum": 110,"premiseId": "678049"}, { "deviceNum": 110,"premiseId": "678053"}, { "deviceNum": 110,"premiseId": "678086"}, { "deviceNum": 110,"premiseId": "678054"}, { "deviceNum": 110,"premiseId": "678085"}, { "deviceNum": 110,"premiseId": "678084"}, { "deviceNum": 110,"premiseId": "678083"}, { "deviceNum": 110,"premiseId": "678082"}, { "deviceNum": 110,"premiseId": "678081"}, { "deviceNum": 110,"premiseId": "678056"}, { "deviceNum": 110,"premiseId": "678069"}, { "deviceNum": 110,"premiseId": "678068"}, { "deviceNum": 110,"premiseId": "678067"}, { "deviceNum": 110,"premiseId": "678066"}, { "deviceNum": 110,"premiseId": "678065"}, { "deviceNum": 110,"premiseId": "678064"}, { "deviceNum": 110,"premiseId": "678063"}, { "deviceNum": 110,"premiseId": "678062"}, { "deviceNum": 110,"premiseId": "678061"}, { "deviceNum": 110,"premiseId": "678060"}, { "deviceNum": 110,"premiseId": "678051"}, { "deviceNum": 110,"premiseId": "678059"}, { "deviceNum": 110,"premiseId": "678058"}, { "deviceNum": 110,"premiseId": "678057"}, { "deviceNum": 110,"premiseId": "678055"}, { "deviceNum": 110,"premiseId": "678048"}, { "deviceNum": 110,"premiseId": "678047"}, { "deviceNum": 110,"premiseId": "678046"}, { "deviceNum": 110,"premiseId": "678045"}, { "deviceNum": 110,"premiseId": "678044"}, { "deviceNum": 110,"premiseId": "678043"}, { "deviceNum": 110,"premiseId": "678042"}, { "deviceNum": 110,"premiseId": "678041"}, { "deviceNum": 110,"premiseId": "678040"}, { "deviceNum": 110,"premiseId": "678039"}, { "deviceNum": 110,"premiseId": "678037"}, { "deviceNum": 110,"premiseId": "678036"}, { "deviceNum": 110,"premiseId": "678035"}, { "deviceNum": 110,"premiseId": "678034"}, { "deviceNum": 110,"premiseId": "678032"}, { "deviceNum": 110,"premiseId": "678033"}, { "deviceNum": 110,"premiseId": "678031"}, { "deviceNum": 110,"premiseId": "678030"}, { "deviceNum": 110,"premiseId": "678029"}, { "deviceNum": 110,"premiseId": "678028"}, { "deviceNum": 110,"premiseId": "678027"}, { "deviceNum": 110,"premiseId": "678026"}, { "deviceNum": 110,"premiseId": "678025"}, { "deviceNum": 110,"premiseId": "678024"}, { "deviceNum": 110,"premiseId": "678023"}, { "deviceNum": 110,"premiseId": "678022"}, { "deviceNum": 110,"premiseId": "678021"}, { "deviceNum": 110,"premiseId": "678019"}, { "deviceNum": 110,"premiseId": "678018"}, { "deviceNum": 110,"premiseId": "678017"}, { "deviceNum": 110,"premiseId": "678016"}, { "deviceNum": 110,"premiseId": "678015"}, { "deviceNum": 110,"premiseId": "678014"}, { "deviceNum": 110,"premiseId": "678013"}, { "deviceNum": 110,"premiseId": "678012"}, { "deviceNum": 110,"premiseId": "678011"}, { "deviceNum": 110,"premiseId": "678009"}, { "deviceNum": 110,"premiseId": "678008"}, { "deviceNum": 110,"premiseId": "678007"}, { "deviceNum": 110,"premiseId": "678010"}, { "deviceNum": 110,"premiseId": "678020"}, { "deviceNum": 110,"premiseId": "678006"}, { "deviceNum": 110,"premiseId": "681824"}]
445200|[{ "deviceNum": 110,"premiseId": "1183147"}, { "deviceNum": 110,"premiseId": "1183140"}, { "deviceNum": 110,"premiseId": "1183123"}, { "deviceNum": 110,"premiseId": "1183122"}, { "deviceNum": 110,"premiseId": "1183146"}, { "deviceNum": 110,"premiseId": "1183145"}, { "deviceNum": 110,"premiseId": "1183142"}, { "deviceNum": 110,"premiseId": "1183138"}, { "deviceNum": 110,"premiseId": "1183139"}, { "deviceNum": 110,"premiseId": "1183127"}, { "deviceNum": 110,"premiseId": "1183128"}, { "deviceNum": 110,"premiseId": "1183144"}, { "deviceNum": 110,"premiseId": "1183143"}, { "deviceNum": 110,"premiseId": "1183120"}, { "deviceNum": 110,"premiseId": "1183129"}, { "deviceNum": 110,"premiseId": "1183118"}, { "deviceNum": 110,"premiseId": "1183121"}, { "deviceNum": 110,"premiseId": "1183126"}, { "deviceNum": 110,"premiseId": "1183125"}, { "deviceNum": 110,"premiseId": "1183124"}, { "deviceNum": 110,"premiseId": "1183117"}, { "deviceNum": 110,"premiseId": "1183116"}, { "deviceNum": 110,"premiseId": "1183115"}, { "deviceNum": 110,"premiseId": "1183113"}, { "deviceNum": 110,"premiseId": "1183112"}, { "deviceNum": 110,"premiseId": "1183111"}, { "deviceNum": 110,"premiseId": "1183110"}, { "deviceNum": 110,"premiseId": "1183109"}, { "deviceNum": 110,"premiseId": "1183096"}, { "deviceNum": 110,"premiseId": "1183095"}, { "deviceNum": 110,"premiseId": "1183094"}, { "deviceNum": 110,"premiseId": "1183093"}, { "deviceNum": 110,"premiseId": "1183092"}, { "deviceNum": 110,"premiseId": "1183091"}, { "deviceNum": 110,"premiseId": "1183090"}, { "deviceNum": 110,"premiseId": "1183089"}, { "deviceNum": 110,"premiseId": "1183088"}, { "deviceNum": 110,"premiseId": "1183087"}, { "deviceNum": 110,"premiseId": "1183086"}, { "deviceNum": 110,"premiseId": "1183085"}, { "deviceNum": 110,"premiseId": "1183084"}, { "deviceNum": 110,"premiseId": "1183083"}, { "deviceNum": 110,"premiseId": "1183082"}, { "deviceNum": 110,"premiseId": "1183081"}, { "deviceNum": 110,"premiseId": "1183080"}, { "deviceNum": 110,"premiseId": "1183079"}, { "deviceNum": 110,"premiseId": "1183078"}, { "deviceNum": 110,"premiseId": "1183039"}, { "deviceNum": 110,"premiseId": "1183038"}, { "deviceNum": 110,"premiseId": "1183046"}, { "deviceNum": 110,"premiseId": "1183041"}, { "deviceNum": 110,"premiseId": "1183040"}, { "deviceNum": 110,"premiseId": "1183045"}, { "deviceNum": 110,"premiseId": "1183044"}, { "deviceNum": 110,"premiseId": "1183042"}, { "deviceNum": 110,"premiseId": "1183043"}, { "deviceNum": 110,"premiseId": "1183037"}, { "deviceNum": 110,"premiseId": "1183036"}, { "deviceNum": 110,"premiseId": "1183029"}, { "deviceNum": 110,"premiseId": "1183031"}, { "deviceNum": 110,"premiseId": "1183030"}, { "deviceNum": 110,"premiseId": "1183028"}, { "deviceNum": 110,"premiseId": "1183027"}, { "deviceNum": 110,"premiseId": "1183033"}, { "deviceNum": 110,"premiseId": "1183026"}, { "deviceNum": 110,"premiseId": "1183023"}, { "deviceNum": 110,"premiseId": "1183025"}, { "deviceNum": 110,"premiseId": "1183035"}, { "deviceNum": 110,"premiseId": "1183032"}, { "deviceNum": 110,"premiseId": "1183034"}, { "deviceNum": 110,"premiseId": "1183022"}, { "deviceNum": 110,"premiseId": "1183024"}, { "deviceNum": 110,"premiseId": "1183021"}, { "deviceNum": 110,"premiseId": "1183020"}, { "deviceNum": 110,"premiseId": "1183019"}, { "deviceNum": 110,"premiseId": "1183018"}, { "deviceNum": 110,"premiseId": "1183017"}, { "deviceNum": 110,"premiseId": "1183016"}, { "deviceNum": 110,"premiseId": "1183015"}]
350600|[{ "deviceNum": 110,"premiseId": "1180411"}, { "deviceNum": 110,"premiseId": "1180410"}, { "deviceNum": 110,"premiseId": "1180409"}, { "deviceNum": 110,"premiseId": "1180408"}, { "deviceNum": 110,"premiseId": "1180407"}, { "deviceNum": 110,"premiseId": "1180406"}, { "deviceNum": 110,"premiseId": "1180404"}, { "deviceNum": 110,"premiseId": "1180403"}, { "deviceNum": 110,"premiseId": "1180397"}, { "deviceNum": 110,"premiseId": "1180398"}, { "deviceNum": 110,"premiseId": "1180395"}, { "deviceNum": 110,"premiseId": "1180394"}, { "deviceNum": 110,"premiseId": "1180389"}, { "deviceNum": 110,"premiseId": "1180392"}, { "deviceNum": 110,"premiseId": "1180390"}, { "deviceNum": 110,"premiseId": "1180385"}, { "deviceNum": 110,"premiseId": "1180384"}, { "deviceNum": 110,"premiseId": "1180383"}, { "deviceNum": 110,"premiseId": "1180386"}]
130300|[{ "deviceNum": 110,"premiseId": "475815"}]
370100|[{ "deviceNum": 110,"premiseId": "1175931"}]
220100|[{ "deviceNum": 110,"premiseId": "886289"}]
320500|[{ "deviceNum": 110,"premiseId": "1163648"}, { "deviceNum": 110,"premiseId": "1163392"}, { "deviceNum": 110,"premiseId": "1163391"}, { "deviceNum": 110,"premiseId": "1163301"}, { "deviceNum": 110,"premiseId": "1163300"}, { "deviceNum": 110,"premiseId": "1163299"}]
510100|[{ "deviceNum": 110,"premiseId": "169519"}, { "deviceNum": 110,"premiseId": "169090"}, { "deviceNum": 110,"premiseId": "168461"}, { "deviceNum": 110,"premiseId": "168119"}, { "deviceNum": 110,"premiseId": "167928"}, { "deviceNum": 110,"premiseId": "169644"}, { "deviceNum": 110,"premiseId": "242432"}, { "deviceNum": 110,"premiseId": "242433"}, { "deviceNum": 110,"premiseId": "242434"}, { "deviceNum": 110,"premiseId": "242435"}, { "deviceNum": 110,"premiseId": "242436"}, { "deviceNum": 110,"premiseId": "167921"}, { "deviceNum": 110,"premiseId": "776499"}, { "deviceNum": 110,"premiseId": "167922"}, { "deviceNum": 110,"premiseId": "1186464"}, { "deviceNum": 110,"premiseId": "1188774"}, { "deviceNum": 110,"premiseId": "1188775"}, { "deviceNum": 110,"premiseId": "169276"}, { "deviceNum": 110,"premiseId": "886895"}]
441900|[{ "deviceNum": 110,"premiseId": "1176769"}, { "deviceNum": 110,"premiseId": "1176764"}]
440700|[{ "deviceNum": 110,"premiseId": "715405"}, { "deviceNum": 110,"premiseId": "14228"}]
360200|[{ "deviceNum": 110,"premiseId": "310205"}]
430100|[{ "deviceNum": 110,"premiseId": "1166065"}]
520100|[{ "deviceNum": 110,"premiseId": "192124"}]
530100|[{ "deviceNum": 110,"premiseId": "1185770"}, { "deviceNum": 110,"premiseId": "1185777"}, { "deviceNum": 110,"premiseId": "1185780"}, { "deviceNum": 110,"premiseId": "1191611"}, { "deviceNum": 110,"premiseId": "4246784"}]
460100|[{ "deviceNum": 110,"premiseId": "1181721"}, { "deviceNum": 110,"premiseId": "4246592"}]
310100|[{ "deviceNum": 110,"premiseId": "863971"}, { "deviceNum": 110,"premiseId": "863970"}, { "deviceNum": 110,"premiseId": "863969"}, { "deviceNum": 110,"premiseId": "863968"}, { "deviceNum": 110,"premiseId": "863967"}, { "deviceNum": 110,"premiseId": "863966"}, { "deviceNum": 110,"premiseId": "863965"}, { "deviceNum": 110,"premiseId": "863964"}, { "deviceNum": 110,"premiseId": "863963"}, { "deviceNum": 110,"premiseId": "863962"}, { "deviceNum": 110,"premiseId": "863961"}, { "deviceNum": 110,"premiseId": "863960"}, { "deviceNum": 110,"premiseId": "863959"}, { "deviceNum": 110,"premiseId": "863958"}, { "deviceNum": 110,"premiseId": "863957"}, { "deviceNum": 110,"premiseId": "863956"}, { "deviceNum": 110,"premiseId": "863955"}, { "deviceNum": 110,"premiseId": "863954"}, { "deviceNum": 110,"premiseId": "863953"}, { "deviceNum": 110,"premiseId": "863952"}, { "deviceNum": 110,"premiseId": "863951"}, { "deviceNum": 110,"premiseId": "863950"}, { "deviceNum": 110,"premiseId": "863949"}, { "deviceNum": 110,"premiseId": "863948"}, { "deviceNum": 110,"premiseId": "863946"}, { "deviceNum": 110,"premiseId": "863945"}, { "deviceNum": 110,"premiseId": "863944"}, { "deviceNum": 110,"premiseId": "863943"}, { "deviceNum": 110,"premiseId": "863938"}, { "deviceNum": 110,"premiseId": "863937"}, { "deviceNum": 110,"premiseId": "863936"}, { "deviceNum": 110,"premiseId": "863935"}, { "deviceNum": 110,"premiseId": "863934"}, { "deviceNum": 110,"premiseId": "863933"}, { "deviceNum": 110,"premiseId": "863932"}, { "deviceNum": 110,"premiseId": "863931"}, { "deviceNum": 110,"premiseId": "863929"}, { "deviceNum": 110,"premiseId": "863928"}, { "deviceNum": 110,"premiseId": "863927"}, { "deviceNum": 110,"premiseId": "863926"}, { "deviceNum": 110,"premiseId": "863925"}, { "deviceNum": 110,"premiseId": "863924"}, { "deviceNum": 110,"premiseId": "863923"}, { "deviceNum": 110,"premiseId": "863922"}, { "deviceNum": 110,"premiseId": "863921"}, { "deviceNum": 110,"premiseId": "863920"}, { "deviceNum": 110,"premiseId": "863916"}, { "deviceNum": 110,"premiseId": "863919"}, { "deviceNum": 110,"premiseId": "863918"}, { "deviceNum": 110,"premiseId": "863917"}, { "deviceNum": 110,"premiseId": "863915"}, { "deviceNum": 110,"premiseId": "863913"}, { "deviceNum": 110,"premiseId": "863912"}, { "deviceNum": 110,"premiseId": "863911"}, { "deviceNum": 110,"premiseId": "863910"}, { "deviceNum": 110,"premiseId": "863909"}, { "deviceNum": 110,"premiseId": "863908"}, { "deviceNum": 110,"premiseId": "863907"}, { "deviceNum": 110,"premiseId": "863906"}, { "deviceNum": 110,"premiseId": "863905"}, { "deviceNum": 110,"premiseId": "863904"}, { "deviceNum": 110,"premiseId": "863903"}, { "deviceNum": 110,"premiseId": "863902"}, { "deviceNum": 110,"premiseId": "863901"}, { "deviceNum": 110,"premiseId": "863900"}, { "deviceNum": 110,"premiseId": "863899"}, { "deviceNum": 110,"premiseId": "863898"}, { "deviceNum": 110,"premiseId": "863897"}, { "deviceNum": 110,"premiseId": "863896"}, { "deviceNum": 110,"premiseId": "863895"}, { "deviceNum": 110,"premiseId": "863894"}, { "deviceNum": 110,"premiseId": "863893"}, { "deviceNum": 110,"premiseId": "863892"}, { "deviceNum": 110,"premiseId": "863891"}, { "deviceNum": 110,"premiseId": "863889"}, { "deviceNum": 110,"premiseId": "863888"}, { "deviceNum": 110,"premiseId": "863887"}, { "deviceNum": 110,"premiseId": "863886"}, { "deviceNum": 110,"premiseId": "863885"}, { "deviceNum": 110,"premiseId": "863884"}, { "deviceNum": 110,"premiseId": "863883"}, { "deviceNum": 110,"premiseId": "863882"}, { "deviceNum": 110,"premiseId": "863881"}, { "deviceNum": 110,"premiseId": "863880"}, { "deviceNum": 110,"premiseId": "863879"}, { "deviceNum": 110,"premiseId": "863878"}, { "deviceNum": 110,"premiseId": "863877"}, { "deviceNum": 110,"premiseId": "863876"}, { "deviceNum": 110,"premiseId": "863875"}, { "deviceNum": 110,"premiseId": "863873"}, { "deviceNum": 110,"premiseId": "863872"}, { "deviceNum": 110,"premiseId": "863871"}, { "deviceNum": 110,"premiseId": "863790"}, { "deviceNum": 110,"premiseId": "863789"}, { "deviceNum": 110,"premiseId": "863788"}, { "deviceNum": 110,"premiseId": "863787"}, { "deviceNum": 110,"premiseId": "863786"}, { "deviceNum": 110,"premiseId": "863785"}, { "deviceNum": 110,"premiseId": "863784"}, { "deviceNum": 110,"premiseId": "863783"}, { "deviceNum": 110,"premiseId": "863782"}, { "deviceNum": 110,"premiseId": "863781"}, { "deviceNum": 110,"premiseId": "863780"}, { "deviceNum": 110,"premiseId": "863779"}, { "deviceNum": 110,"premiseId": "863778"}, { "deviceNum": 110,"premiseId": "863777"}, { "deviceNum": 110,"premiseId": "863775"}, { "deviceNum": 110,"premiseId": "863774"}, { "deviceNum": 110,"premiseId": "863773"}, { "deviceNum": 110,"premiseId": "863772"}, { "deviceNum": 110,"premiseId": "863771"}, { "deviceNum": 110,"premiseId": "863770"}, { "deviceNum": 110,"premiseId": "863769"}, { "deviceNum": 110,"premiseId": "863768"}, { "deviceNum": 110,"premiseId": "863767"}, { "deviceNum": 110,"premiseId": "863766"}, { "deviceNum": 110,"premiseId": "863765"}, { "deviceNum": 110,"premiseId": "863764"}, { "deviceNum": 110,"premiseId": "863763"}, { "deviceNum": 110,"premiseId": "863762"}, { "deviceNum": 110,"premiseId": "863761"}, { "deviceNum": 110,"premiseId": "863760"}, { "deviceNum": 110,"premiseId": "863759"}, { "deviceNum": 110,"premiseId": "863758"}, { "deviceNum": 110,"premiseId": "863757"}, { "deviceNum": 110,"premiseId": "863755"}, { "deviceNum": 110,"premiseId": "863754"}, { "deviceNum": 110,"premiseId": "863753"}, { "deviceNum": 110,"premiseId": "863752"}, { "deviceNum": 110,"premiseId": "863751"}, { "deviceNum": 110,"premiseId": "863750"}, { "deviceNum": 110,"premiseId": "863749"}, { "deviceNum": 110,"premiseId": "863743"}, { "deviceNum": 110,"premiseId": "863737"}, { "deviceNum": 110,"premiseId": "863736"}, { "deviceNum": 110,"premiseId": "863735"}, { "deviceNum": 110,"premiseId": "863733"}, { "deviceNum": 110,"premiseId": "863732"}, { "deviceNum": 110,"premiseId": "863731"}, { "deviceNum": 110,"premiseId": "863730"}, { "deviceNum": 110,"premiseId": "863729"}, { "deviceNum": 110,"premiseId": "863728"}, { "deviceNum": 110,"premiseId": "863727"}, { "deviceNum": 110,"premiseId": "863726"}, { "deviceNum": 110,"premiseId": "863725"}, { "deviceNum": 110,"premiseId": "863724"}, { "deviceNum": 110,"premiseId": "863723"}, { "deviceNum": 110,"premiseId": "863722"}, { "deviceNum": 110,"premiseId": "863721"}, { "deviceNum": 110,"premiseId": "863720"}, { "deviceNum": 110,"premiseId": "863719"}, { "deviceNum": 110,"premiseId": "863718"}, { "deviceNum": 110,"premiseId": "863717"}, { "deviceNum": 110,"premiseId": "863716"}, { "deviceNum": 110,"premiseId": "863715"}, { "deviceNum": 110,"premiseId": "863714"}, { "deviceNum": 110,"premiseId": "863713"}, { "deviceNum": 110,"premiseId": "863712"}, { "deviceNum": 110,"premiseId": "863711"}, { "deviceNum": 110,"premiseId": "863710"}, { "deviceNum": 110,"premiseId": "863709"}, { "deviceNum": 110,"premiseId": "863708"}, { "deviceNum": 110,"premiseId": "863707"}, { "deviceNum": 110,"premiseId": "863706"}, { "deviceNum": 110,"premiseId": "863705"}, { "deviceNum": 110,"premiseId": "863704"}, { "deviceNum": 110,"premiseId": "863703"}, { "deviceNum": 110,"premiseId": "863702"}, { "deviceNum": 110,"premiseId": "863701"}, { "deviceNum": 110,"premiseId": "863700"}, { "deviceNum": 110,"premiseId": "863699"}, { "deviceNum": 110,"premiseId": "863698"}, { "deviceNum": 110,"premiseId": "863697"}, { "deviceNum": 110,"premiseId": "863696"}, { "deviceNum": 110,"premiseId": "863695"}, { "deviceNum": 110,"premiseId": "863694"}, { "deviceNum": 110,"premiseId": "863693"}, { "deviceNum": 110,"premiseId": "863692"}, { "deviceNum": 110,"premiseId": "863691"}, { "deviceNum": 110,"premiseId": "863690"}, { "deviceNum": 110,"premiseId": "863689"}, { "deviceNum": 110,"premiseId": "863688"}, { "deviceNum": 110,"premiseId": "863687"}, { "deviceNum": 110,"premiseId": "863685"}, { "deviceNum": 110,"premiseId": "863686"}, { "deviceNum": 110,"premiseId": "863684"}, { "deviceNum": 110,"premiseId": "863683"}, { "deviceNum": 110,"premiseId": "863682"}, { "deviceNum": 110,"premiseId": "863676"}, { "deviceNum": 110,"premiseId": "863680"}, { "deviceNum": 110,"premiseId": "863666"}, { "deviceNum": 110,"premiseId": "863678"}, { "deviceNum": 110,"premiseId": "863677"}, { "deviceNum": 110,"premiseId": "863675"}, { "deviceNum": 110,"premiseId": "863674"}, { "deviceNum": 110,"premiseId": "863673"}, { "deviceNum": 110,"premiseId": "863672"}, { "deviceNum": 110,"premiseId": "863671"}, { "deviceNum": 110,"premiseId": "863670"}, { "deviceNum": 110,"premiseId": "863669"}, { "deviceNum": 110,"premiseId": "863668"}, { "deviceNum": 110,"premiseId": "863667"}, { "deviceNum": 110,"premiseId": "863665"}, { "deviceNum": 110,"premiseId": "863664"}, { "deviceNum": 110,"premiseId": "863663"}, { "deviceNum": 110,"premiseId": "863662"}, { "deviceNum": 110,"premiseId": "863652"}, { "deviceNum": 110,"premiseId": "863661"}, { "deviceNum": 110,"premiseId": "863660"}, { "deviceNum": 110,"premiseId": "863659"}, { "deviceNum": 110,"premiseId": "863658"}, { "deviceNum": 110,"premiseId": "863657"}, { "deviceNum": 110,"premiseId": "863656"}, { "deviceNum": 110,"premiseId": "863655"}, { "deviceNum": 110,"premiseId": "863654"}, { "deviceNum": 110,"premiseId": "863653"}, { "deviceNum": 110,"premiseId": "863651"}, { "deviceNum": 110,"premiseId": "863650"}, { "deviceNum": 110,"premiseId": "863649"}, { "deviceNum": 110,"premiseId": "863648"}, { "deviceNum": 110,"premiseId": "863645"}, { "deviceNum": 110,"premiseId": "863642"}, { "deviceNum": 110,"premiseId": "863639"}, { "deviceNum": 110,"premiseId": "863637"}, { "deviceNum": 110,"premiseId": "863636"}, { "deviceNum": 110,"premiseId": "863634"}, { "deviceNum": 110,"premiseId": "863631"}, { "deviceNum": 110,"premiseId": "863630"}, { "deviceNum": 110,"premiseId": "863629"}, { "deviceNum": 110,"premiseId": "863628"}, { "deviceNum": 110,"premiseId": "863627"}, { "deviceNum": 110,"premiseId": "863626"}, { "deviceNum": 110,"premiseId": "863625"}, { "deviceNum": 110,"premiseId": "863624"}, { "deviceNum": 110,"premiseId": "863623"}, { "deviceNum": 110,"premiseId": "863622"}, { "deviceNum": 110,"premiseId": "863621"}, { "deviceNum": 110,"premiseId": "863620"}, { "deviceNum": 110,"premiseId": "863619"}, { "deviceNum": 110,"premiseId": "863618"}, { "deviceNum": 110,"premiseId": "863617"}, { "deviceNum": 110,"premiseId": "863616"}, { "deviceNum": 110,"premiseId": "863510"}, { "deviceNum": 110,"premiseId": "863509"}, { "deviceNum": 110,"premiseId": "863508"}, { "deviceNum": 110,"premiseId": "863507"}, { "deviceNum": 110,"premiseId": "863506"}, { "deviceNum": 110,"premiseId": "863505"}, { "deviceNum": 110,"premiseId": "863504"}, { "deviceNum": 110,"premiseId": "863503"}, { "deviceNum": 110,"premiseId": "863502"}, { "deviceNum": 110,"premiseId": "863500"}, { "deviceNum": 110,"premiseId": "863499"}, { "deviceNum": 110,"premiseId": "863498"}, { "deviceNum": 110,"premiseId": "863497"}, { "deviceNum": 110,"premiseId": "863496"}, { "deviceNum": 110,"premiseId": "863495"}, { "deviceNum": 110,"premiseId": "863494"}, { "deviceNum": 110,"premiseId": "863493"}, { "deviceNum": 110,"premiseId": "863492"}, { "deviceNum": 110,"premiseId": "863491"}, { "deviceNum": 110,"premiseId": "863490"}, { "deviceNum": 110,"premiseId": "863489"}, { "deviceNum": 110,"premiseId": "863488"}, { "deviceNum": 110,"premiseId": "863487"}, { "deviceNum": 110,"premiseId": "863486"}, { "deviceNum": 110,"premiseId": "863485"}, { "deviceNum": 110,"premiseId": "863484"}, { "deviceNum": 110,"premiseId": "863482"}, { "deviceNum": 110,"premiseId": "863478"}, { "deviceNum": 110,"premiseId": "863477"}, { "deviceNum": 110,"premiseId": "863476"}, { "deviceNum": 110,"premiseId": "863472"}, { "deviceNum": 110,"premiseId": "863471"}, { "deviceNum": 110,"premiseId": "863470"}, { "deviceNum": 110,"premiseId": "863469"}, { "deviceNum": 110,"premiseId": "863468"}, { "deviceNum": 110,"premiseId": "863467"}, { "deviceNum": 110,"premiseId": "863466"}, { "deviceNum": 110,"premiseId": "863465"}, { "deviceNum": 110,"premiseId": "863464"}, { "deviceNum": 110,"premiseId": "863463"}, { "deviceNum": 110,"premiseId": "863462"}, { "deviceNum": 110,"premiseId": "863461"}, { "deviceNum": 110,"premiseId": "863456"}, { "deviceNum": 110,"premiseId": "863455"}, { "deviceNum": 110,"premiseId": "863454"}, { "deviceNum": 110,"premiseId": "863453"}, { "deviceNum": 110,"premiseId": "863452"}, { "deviceNum": 110,"premiseId": "863451"}, { "deviceNum": 110,"premiseId": "863450"}, { "deviceNum": 110,"premiseId": "863449"}, { "deviceNum": 110,"premiseId": "863448"}, { "deviceNum": 110,"premiseId": "863447"}, { "deviceNum": 110,"premiseId": "863445"}, { "deviceNum": 110,"premiseId": "863444"}, { "deviceNum": 110,"premiseId": "863443"}, { "deviceNum": 110,"premiseId": "863442"}, { "deviceNum": 110,"premiseId": "863441"}, { "deviceNum": 110,"premiseId": "863440"}, { "deviceNum": 110,"premiseId": "863439"}, { "deviceNum": 110,"premiseId": "863413"}, { "deviceNum": 110,"premiseId": "863433"}, { "deviceNum": 110,"premiseId": "863432"}, { "deviceNum": 110,"premiseId": "863431"}, { "deviceNum": 110,"premiseId": "863430"}, { "deviceNum": 110,"premiseId": "863429"}, { "deviceNum": 110,"premiseId": "863428"}, { "deviceNum": 110,"premiseId": "863427"}, { "deviceNum": 110,"premiseId": "863426"}, { "deviceNum": 110,"premiseId": "863425"}, { "deviceNum": 110,"premiseId": "863424"}, { "deviceNum": 110,"premiseId": "863423"}, { "deviceNum": 110,"premiseId": "863422"}, { "deviceNum": 110,"premiseId": "863421"}, { "deviceNum": 110,"premiseId": "863420"}, { "deviceNum": 110,"premiseId": "863418"}, { "deviceNum": 110,"premiseId": "863417"}, { "deviceNum": 110,"premiseId": "863416"}, { "deviceNum": 110,"premiseId": "863415"}, { "deviceNum": 110,"premiseId": "863414"}, { "deviceNum": 110,"premiseId": "863412"}, { "deviceNum": 110,"premiseId": "863019"}, { "deviceNum": 110,"premiseId": "862916"}, { "deviceNum": 110,"premiseId": "862893"}, { "deviceNum": 110,"premiseId": "862760"}, { "deviceNum": 110,"premiseId": "862388"}, { "deviceNum": 110,"premiseId": "861275"}, { "deviceNum": 110,"premiseId": "861047"}, { "deviceNum": 110,"premiseId": "860889"}, { "deviceNum": 110,"premiseId": "860783"}, { "deviceNum": 110,"premiseId": "860681"}, { "deviceNum": 110,"premiseId": "860328"}]
440600|[{ "deviceNum": 110,"premiseId": "12084"}, { "deviceNum": 110,"premiseId": "9668"}]
610100|[{ "deviceNum": 110,"premiseId": "1169883"}, { "deviceNum": 110,"premiseId": "1169877"}, { "deviceNum": 110,"premiseId": "1169223"}]
620100|[{ "deviceNum": 110,"premiseId": "1185409"}, { "deviceNum": 110,"premiseId": "1185659"}, { "deviceNum": 110,"premiseId": "1185658"}]
410300|[{ "deviceNum": 110,"premiseId": "31557"}, { "deviceNum": 110,"premiseId": "22937"}, { "deviceNum": 110,"premiseId": "647343"}, { "deviceNum": 110,"premiseId": "776497"}, { "deviceNum": 110,"premiseId": "860280"}, { "deviceNum": 110,"premiseId": "860282"}, { "deviceNum": 110,"premiseId": "909848"}, { "deviceNum": 110,"premiseId": "1003375"}, { "deviceNum": 110,"premiseId": "1026157"}, { "deviceNum": 110,"premiseId": "1048938"}, { "deviceNum": 110,"premiseId": "1048941"}, { "deviceNum": 110,"premiseId": "1048945"}, { "deviceNum": 110,"premiseId": "1048948"}, { "deviceNum": 110,"premiseId": "1048951"}, { "deviceNum": 110,"premiseId": "1048958"}, { "deviceNum": 110,"premiseId": "1048962"}, { "deviceNum": 110,"premiseId": "1048965"}, { "deviceNum": 110,"premiseId": "1048968"}, { "deviceNum": 110,"premiseId": "1048971"}, { "deviceNum": 110,"premiseId": "1048974"}, { "deviceNum": 110,"premiseId": "1071755"}, { "deviceNum": 110,"premiseId": "1071761"}, { "deviceNum": 110,"premiseId": "1190323"}, { "deviceNum": 110,"premiseId": "1190325"}, { "deviceNum": 110,"premiseId": "1190326"}, { "deviceNum": 110,"premiseId": "1190332"}, { "deviceNum": 110,"premiseId": "1190334"}, { "deviceNum": 110,"premiseId": "1190341"}, { "deviceNum": 110,"premiseId": "1190347"}, { "deviceNum": 110,"premiseId": "1190354"}, { "deviceNum": 110,"premiseId": "1190357"}, { "deviceNum": 110,"premiseId": "1190360"}, { "deviceNum": 110,"premiseId": "1190362"}, { "deviceNum": 110,"premiseId": "1190363"}, { "deviceNum": 110,"premiseId": "1190370"}, { "deviceNum": 110,"premiseId": "1190371"}, { "deviceNum": 110,"premiseId": "1190378"}, { "deviceNum": 110,"premiseId": "1190379"}, { "deviceNum": 110,"premiseId": "1190387"}, { "deviceNum": 110,"premiseId": "1190388"}, { "deviceNum": 110,"premiseId": "1190395"}, { "deviceNum": 110,"premiseId": "1190396"}, { "deviceNum": 110,"premiseId": "1190403"}, { "deviceNum": 110,"premiseId": "1190405"}, { "deviceNum": 110,"premiseId": "1190406"}, { "deviceNum": 110,"premiseId": "1190413"}, { "deviceNum": 110,"premiseId": "1190414"}, { "deviceNum": 110,"premiseId": "1190421"}, { "deviceNum": 110,"premiseId": "1190422"}, { "deviceNum": 110,"premiseId": "1190429"}, { "deviceNum": 110,"premiseId": "1190430"}, { "deviceNum": 110,"premiseId": "1190437"}, { "deviceNum": 110,"premiseId": "1190438"}, { "deviceNum": 110,"premiseId": "1190445"}, { "deviceNum": 110,"premiseId": "1190446"}, { "deviceNum": 110,"premiseId": "1190453"}, { "deviceNum": 110,"premiseId": "1190454"}, { "deviceNum": 110,"premiseId": "1190455"}, { "deviceNum": 110,"premiseId": "1190462"}, { "deviceNum": 110,"premiseId": "1190463"}, { "deviceNum": 110,"premiseId": "1190464"}, { "deviceNum": 110,"premiseId": "1190471"}, { "deviceNum": 110,"premiseId": "1190472"}, { "deviceNum": 110,"premiseId": "1190473"}, { "deviceNum": 110,"premiseId": "1190480"}, { "deviceNum": 110,"premiseId": "1190481"}, { "deviceNum": 110,"premiseId": "1190488"}, { "deviceNum": 110,"premiseId": "1190489"}, { "deviceNum": 110,"premiseId": "1190496"}, { "deviceNum": 110,"premiseId": "1190497"}, { "deviceNum": 110,"premiseId": "1190504"}, { "deviceNum": 110,"premiseId": "1190505"}, { "deviceNum": 110,"premiseId": "1190512"}, { "deviceNum": 110,"premiseId": "1190513"}, { "deviceNum": 110,"premiseId": "1190520"}, { "deviceNum": 110,"premiseId": "1190521"}, { "deviceNum": 110,"premiseId": "1190528"}, { "deviceNum": 110,"premiseId": "1190529"}, { "deviceNum": 110,"premiseId": "1190536"}, { "deviceNum": 110,"premiseId": "1190537"}, { "deviceNum": 110,"premiseId": "1190544"}, { "deviceNum": 110,"premiseId": "1190545"}, { "deviceNum": 110,"premiseId": "1190552"}, { "deviceNum": 110,"premiseId": "1190553"}, { "deviceNum": 110,"premiseId": "1190560"}, { "deviceNum": 110,"premiseId": "1190561"}, { "deviceNum": 110,"premiseId": "1190568"}, { "deviceNum": 110,"premiseId": "1190569"}, { "deviceNum": 110,"premiseId": "1190576"}, { "deviceNum": 110,"premiseId": "1190577"}, { "deviceNum": 110,"premiseId": "1190584"}, { "deviceNum": 110,"premiseId": "1190585"}, { "deviceNum": 110,"premiseId": "1190592"}, { "deviceNum": 110,"premiseId": "1190593"}, { "deviceNum": 110,"premiseId": "1190600"}, { "deviceNum": 110,"premiseId": "1190601"}, { "deviceNum": 110,"premiseId": "1190608"}, { "deviceNum": 110,"premiseId": "1190609"}, { "deviceNum": 110,"premiseId": "1190616"}, { "deviceNum": 110,"premiseId": "1190617"}, { "deviceNum": 110,"premiseId": "1190624"}, { "deviceNum": 110,"premiseId": "1190625"}, { "deviceNum": 110,"premiseId": "1190632"}, { "deviceNum": 110,"premiseId": "1190633"}, { "deviceNum": 110,"premiseId": "1190640"}, { "deviceNum": 110,"premiseId": "1190656"}, { "deviceNum": 110,"premiseId": "1190657"}, { "deviceNum": 110,"premiseId": "1190664"}, { "deviceNum": 110,"premiseId": "1190672"}, { "deviceNum": 110,"premiseId": "1190673"}, { "deviceNum": 110,"premiseId": "1190680"}, { "deviceNum": 110,"premiseId": "1190682"}, { "deviceNum": 110,"premiseId": "1190689"}, { "deviceNum": 110,"premiseId": "1190692"}, { "deviceNum": 110,"premiseId": "1190693"}, { "deviceNum": 110,"premiseId": "1190700"}, { "deviceNum": 110,"premiseId": "1190701"}, { "deviceNum": 110,"premiseId": "1190708"}, { "deviceNum": 110,"premiseId": "1190709"}, { "deviceNum": 110,"premiseId": "1190716"}, { "deviceNum": 110,"premiseId": "1190718"}, { "deviceNum": 110,"premiseId": "1190725"}, { "deviceNum": 110,"premiseId": "1190726"}, { "deviceNum": 110,"premiseId": "1190733"}, { "deviceNum": 110,"premiseId": "1190739"}, { "deviceNum": 110,"premiseId": "1190740"}, { "deviceNum": 110,"premiseId": "1190747"}, { "deviceNum": 110,"premiseId": "1190749"}, { "deviceNum": 110,"premiseId": "1190750"}, { "deviceNum": 110,"premiseId": "1190757"}, { "deviceNum": 110,"premiseId": "1190758"}, { "deviceNum": 110,"premiseId": "1190765"}, { "deviceNum": 110,"premiseId": "1190768"}, { "deviceNum": 110,"premiseId": "1190775"}, { "deviceNum": 110,"premiseId": "1190777"}, { "deviceNum": 110,"premiseId": "1190784"}, { "deviceNum": 110,"premiseId": "1190786"}, { "deviceNum": 110,"premiseId": "1190798"}, { "deviceNum": 110,"premiseId": "1190805"}, { "deviceNum": 110,"premiseId": "1190806"}, { "deviceNum": 110,"premiseId": "1190813"}, { "deviceNum": 110,"premiseId": "1190814"}, { "deviceNum": 110,"premiseId": "1190821"}, { "deviceNum": 110,"premiseId": "1190823"}, { "deviceNum": 110,"premiseId": "1190830"}, { "deviceNum": 110,"premiseId": "1190854"}, { "deviceNum": 110,"premiseId": "1190861"}, { "deviceNum": 110,"premiseId": "1190863"}, { "deviceNum": 110,"premiseId": "1190870"}, { "deviceNum": 110,"premiseId": "1190900"}, { "deviceNum": 110,"premiseId": "1190907"}, { "deviceNum": 110,"premiseId": "1190927"}, { "deviceNum": 110,"premiseId": "1190929"}, { "deviceNum": 110,"premiseId": "1190935"}, { "deviceNum": 110,"premiseId": "1190944"}, { "deviceNum": 110,"premiseId": "1190951"}, { "deviceNum": 110,"premiseId": "1190952"}, { "deviceNum": 110,"premiseId": "1190959"}, { "deviceNum": 110,"premiseId": "1190965"}, { "deviceNum": 110,"premiseId": "1190971"}, { "deviceNum": 110,"premiseId": "1190978"}, { "deviceNum": 110,"premiseId": "1190992"}, { "deviceNum": 110,"premiseId": "1191005"}, { "deviceNum": 110,"premiseId": "1191014"}, { "deviceNum": 110,"premiseId": "1191071"}, { "deviceNum": 110,"premiseId": "1191081"}, { "deviceNum": 110,"premiseId": "1191092"}, { "deviceNum": 110,"premiseId": "1191110"}, { "deviceNum": 110,"premiseId": "1191140"}, { "deviceNum": 110,"premiseId": "1191148"}, { "deviceNum": 110,"premiseId": "1191156"}, { "deviceNum": 110,"premiseId": "1191164"}, { "deviceNum": 110,"premiseId": "1191173"}, { "deviceNum": 110,"premiseId": "1191181"}, { "deviceNum": 110,"premiseId": "1191189"}, { "deviceNum": 110,"premiseId": "1191197"}, { "deviceNum": 110,"premiseId": "1191205"}, { "deviceNum": 110,"premiseId": "1191213"}, { "deviceNum": 110,"premiseId": "1191222"}, { "deviceNum": 110,"premiseId": "1191231"}, { "deviceNum": 110,"premiseId": "1191240"}, { "deviceNum": 110,"premiseId": "1191250"}, { "deviceNum": 110,"premiseId": "1191262"}, { "deviceNum": 110,"premiseId": "1191271"}, { "deviceNum": 110,"premiseId": "1191296"}, { "deviceNum": 110,"premiseId": "1191306"}, { "deviceNum": 110,"premiseId": "1191315"}, { "deviceNum": 110,"premiseId": "1191323"}, { "deviceNum": 110,"premiseId": "1191331"}, { "deviceNum": 110,"premiseId": "1191339"}, { "deviceNum": 110,"premiseId": "1191348"}, { "deviceNum": 110,"premiseId": "1191357"}, { "deviceNum": 110,"premiseId": "1191365"}, { "deviceNum": 110,"premiseId": "1191374"}, { "deviceNum": 110,"premiseId": "1191385"}, { "deviceNum": 110,"premiseId": "1191405"}, { "deviceNum": 110,"premiseId": "1191413"}, { "deviceNum": 110,"premiseId": "1191422"}, { "deviceNum": 110,"premiseId": "1191431"}, { "deviceNum": 110,"premiseId": "1191439"}, { "deviceNum": 110,"premiseId": "1191448"}, { "deviceNum": 110,"premiseId": "1191458"}, { "deviceNum": 110,"premiseId": "1191468"}, { "deviceNum": 110,"premiseId": "1191508"}, { "deviceNum": 110,"premiseId": "1191526"}, { "deviceNum": 110,"premiseId": "1191534"}, { "deviceNum": 110,"premiseId": "1191542"}, { "deviceNum": 110,"premiseId": "1191553"}, { "deviceNum": 110,"premiseId": "1191563"}, { "deviceNum": 110,"premiseId": "1191574"}, { "deviceNum": 110,"premiseId": "1191584"}, { "deviceNum": 110,"premiseId": "1191593"}, { "deviceNum": 110,"premiseId": "1191603"}, { "deviceNum": 110,"premiseId": "1191616"}, { "deviceNum": 110,"premiseId": "1191625"}, { "deviceNum": 110,"premiseId": "1191638"}, { "deviceNum": 110,"premiseId": "1191648"}, { "deviceNum": 110,"premiseId": "1191657"}, { "deviceNum": 110,"premiseId": "1191675"}, { "deviceNum": 110,"premiseId": "1191684"}, { "deviceNum": 110,"premiseId": "1191699"}, { "deviceNum": 110,"premiseId": "1191708"}, { "deviceNum": 110,"premiseId": "1191738"}, { "deviceNum": 110,"premiseId": "1191754"}, { "deviceNum": 110,"premiseId": "4246324"}, { "deviceNum": 110,"premiseId": "4246332"}, { "deviceNum": 110,"premiseId": "4246340"}, { "deviceNum": 110,"premiseId": "4246350"}, { "deviceNum": 110,"premiseId": "4246363"}, { "deviceNum": 110,"premiseId": "4246378"}, { "deviceNum": 110,"premiseId": "4246379"}, { "deviceNum": 110,"premiseId": "4246388"}, { "deviceNum": 110,"premiseId": "4246389"}, { "deviceNum": 110,"premiseId": "4246398"}, { "deviceNum": 110,"premiseId": "4246399"}, { "deviceNum": 110,"premiseId": "4246408"}, { "deviceNum": 110,"premiseId": "4246409"}, { "deviceNum": 110,"premiseId": "4246419"}, { "deviceNum": 110,"premiseId": "4246427"}, { "deviceNum": 110,"premiseId": "4246434"}, { "deviceNum": 110,"premiseId": "4246438"}, { "deviceNum": 110,"premiseId": "4246443"}, { "deviceNum": 110,"premiseId": "4246444"}, { "deviceNum": 110,"premiseId": "4246457"}, { "deviceNum": 110,"premiseId": "4246458"}, { "deviceNum": 110,"premiseId": "4246467"}, { "deviceNum": 110,"premiseId": "4246474"}, { "deviceNum": 110,"premiseId": "4246475"}, { "deviceNum": 110,"premiseId": "4246476"}, { "deviceNum": 110,"premiseId": "4246485"}, { "deviceNum": 110,"premiseId": "4246486"}, { "deviceNum": 110,"premiseId": "4246494"}, { "deviceNum": 110,"premiseId": "4246495"}, { "deviceNum": 110,"premiseId": "4246503"}, { "deviceNum": 110,"premiseId": "4246510"}, { "deviceNum": 110,"premiseId": "4246511"}, { "deviceNum": 110,"premiseId": "4246518"}, { "deviceNum": 110,"premiseId": "4246885"}, { "deviceNum": 110,"premiseId": "4246892"}, { "deviceNum": 110,"premiseId": "4246893"}, { "deviceNum": 110,"premiseId": "4247087"}, { "deviceNum": 110,"premiseId": "4247096"}, { "deviceNum": 110,"premiseId": "4247108"}, { "deviceNum": 110,"premiseId": "4247117"}, { "deviceNum": 110,"premiseId": "4247153"}, { "deviceNum": 110,"premiseId": "4247162"}, { "deviceNum": 110,"premiseId": "4247174"}, { "deviceNum": 110,"premiseId": "4247176"}, { "deviceNum": 110,"premiseId": "4247178"}, { "deviceNum": 110,"premiseId": "4247180"}, { "deviceNum": 110,"premiseId": "4247182"}, { "deviceNum": 110,"premiseId": "4247184"}]
360100|[{ "deviceNum": 110,"premiseId": "1177453"}]
210200|[{ "deviceNum": 110,"premiseId": "1164396"}]
320800|[{ "deviceNum": 110,"premiseId": "1184057"}]
210100|[{ "deviceNum": 110,"premiseId": "1169011"}, { "deviceNum": 110,"premiseId": "1168716"}, { "deviceNum": 110,"premiseId": "1168987"}, { "deviceNum": 110,"premiseId": "1168839"}, { "deviceNum": 110,"premiseId": "1168285"}]
441300|[{ "deviceNum": 110,"premiseId": "1175447"}, { "deviceNum": 110,"premiseId": "1174950"}]
420100|[{ "deviceNum": 110,"premiseId": "696927"}, { "deviceNum": 110,"premiseId": "696855"}]
210400|[{ "deviceNum": 110,"premiseId": "1185606"}]
